name,fit_seconds,P_at_R70,AP,ROC_AUC,recall_at_FPR1,logloss,n_features
constant,0.0,0.082382762991128,0.082382762991128,0.5,0.0,0.2845792892407114,
baseline_rf,0.48,0.099638989169675,0.2294753694756767,0.6207359399348349,0.1025641025641025,0.4523476705273263,
lgb15_150,6.31,0.7527472527472527,0.7911214156532955,0.9427374037871276,0.5846153846153846,0.1286418017695528,
lgb15_300,6.33,0.770949720670391,0.8020706739724326,0.9442838929026774,0.6,0.1236695774145828,
lgb15_500,6.38,0.7486338797814208,0.8011181772652145,0.942324219672286,0.5897435897435898,0.1263327993914832,
lgb15_800,6.42,0.7752808988764045,0.7991985964979529,0.9392619351182888,0.6102564102564103,0.1356020812246568,
lgb15_1200,6.48,0.7740112994350282,0.7978983780647507,0.9381664069509372,0.6153846153846154,0.1466826480201738,
lgb31_150,9.59,0.7419354838709677,0.7953702652020136,0.9445270812674128,0.5743589743589743,0.1269857386891481,
lgb31_300,9.62,0.7696629213483146,0.8021818779698997,0.9447254096425368,0.6,0.1269360135146197,
lgb31_500,9.66,0.7653631284916201,0.8006150309704131,0.9424281059640176,0.6153846153846154,0.1364191553268862,
lgb31_800,9.72,0.791907514450867,0.8021767873555674,0.940319686452283,0.6153846153846154,0.1483479070402814,
lgb31_1200,9.8,0.8154761904761905,0.8018188617875098,0.9388581952117864,0.6205128205128205,0.1609198716278045,
lgb07_150,3.79,0.7035175879396985,0.7689139470189633,0.9384379279406904,0.5384615384615384,0.1374328195250855,
lgb07_300,3.81,0.7277486910994765,0.7933070613114807,0.9427161543183642,0.5794871794871795,0.1266066423908051,
lgb07_500,3.83,0.7527472527472527,0.80147760635574,0.9420456155262784,0.5948717948717949,0.1232590976539869,
lgb07_800,3.87,0.7696629213483146,0.8000818939986025,0.939469707701752,0.6,0.1242183890832695,
lgb07_1200,3.92,0.7569060773480663,0.7983093031420071,0.9383269584927044,0.6051282051282051,0.1267719998208155,
lgb31w2_150,7.92,0.7445652173913043,0.7879075219898513,0.9397860886811163,0.6,0.1275343959159303,
lgb31w2_300,7.95,0.7569060773480663,0.8003405604632825,0.941386881994617,0.6256410256410256,0.1227582484861429,
lgb31w2_500,8.0,0.8058823529411765,0.8012006930195757,0.9395098455871936,0.6358974358974359,0.1291235762916265,
lgb31w2_800,8.07,0.7796610169491526,0.8012255435538731,0.9383859847948244,0.6410256410256411,0.1397863858357495,
lgb31w2_1200,8.15,0.7784090909090909,0.800716133205007,0.9378547480757428,0.6358974358974359,0.1513781601472273,
cat5_200,19.53,0.7244897959183674,0.7883210230742872,0.9447773527884024,0.5897435897435898,0.1320344634655933,
cat5_400,19.56,0.7419354838709677,0.8022445852748671,0.947268262737876,0.6051282051282051,0.125068017022997,
cat5_700,19.59,0.7653631284916201,0.8103470377527778,0.949109883364027,0.6051282051282051,0.1214081881458264,
cat5_1000,19.63,0.7784090909090909,0.8118207191111654,0.948802946593002,0.6102564102564103,0.1214887139386312,
cat5_1600,19.77,0.7653631284916201,0.8099750741363511,0.9473225669358264,0.6153846153846154,0.1244394587801957,
cat6_200,28.68,0.7287234042553191,0.790979306825302,0.9456769136327148,0.5846153846153846,0.13135382128505,
cat6_400,28.71,0.7965116279069767,0.8074768327183716,0.9488714171034612,0.6102564102564103,0.1241971200088037,
cat6_700,28.75,0.7796610169491526,0.8114227109141431,0.9488005855409172,0.6512820512820513,0.12208132370469,
cat6_1000,28.78,0.7885714285714286,0.8120931494048701,0.9465292534353308,0.6615384615384615,0.1234566386412681,
cat6_1600,28.82,0.7840909090909091,0.8116910049115104,0.945476224205506,0.6410256410256411,0.1283053680347183,
aug_lgb15_300,13.94,0.7445652173913043,0.789825945802467,0.9417221513906597,0.6205128205128205,0.12722695471352985,665.0
aug_lgb15_600,13.99,0.7527472527472527,0.7877905335355204,0.9398640033999149,0.5948717948717949,0.134662088619068,665.0
aug_lgb15_1000,14.06,0.7315789473684211,0.7833269582718312,0.9367922746375786,0.5846153846153846,0.1497945789108209,665.0
aug_lgb15_1500,14.15,0.717948717948718,0.7816109615664059,0.9357959106577891,0.5794871794871795,0.16418647334103192,665.0
aug_lgb31_300,18.08,0.770949720670391,0.7885337435116548,0.9402441327855693,0.5897435897435898,0.1329466785368907,665.0
aug_lgb31_600,18.15,0.7808988764044944,0.7878536739613756,0.9370118524814657,0.6,0.14999697339109672,665.0
aug_lgb31_1000,18.25,0.7965116279069767,0.7877416809410044,0.9363318694810407,0.5846153846153846,0.16672821119422707,665.0
aug_lgb31_1500,18.39,0.7965116279069767,0.7864784037048974,0.9352930065637249,0.5846153846153846,0.180781958633982,665.0
aug_lgb63_300,21.47,0.7624309392265194,0.7827136371646612,0.9382726542947538,0.5743589743589743,0.14028050537339387,665.0
aug_lgb63_600,21.55,0.7740112994350282,0.7841689167668952,0.9372337913774379,0.5692307692307692,0.159505220656887,665.0
aug_lgb63_1000,21.65,0.7653631284916201,0.7840217589762016,0.9350899560844311,0.5794871794871795,0.17680084012139663,665.0
aug_lgb63_1500,21.8,0.7582417582417582,0.7830419317022095,0.9343178920526988,0.5794871794871795,0.19002919594204212,665.0
top60_lgb15_300,2.25,0.6954314720812182,0.7903616954747076,0.9437314067148321,0.6102564102564103,0.1263265466824071,60.0
top60_lgb15_600,2.29,0.7061855670103093,0.7883551692864288,0.9416607640364546,0.5846153846153846,0.13152607556061263,60.0
top60_lgb15_1000,2.36,0.7025641025641025,0.7815804329181466,0.9394980403267695,0.5743589743589743,0.14297445717363144,60.0
top60_lgb15_1500,2.45,0.711340206185567,0.7788869878340469,0.9373329555649998,0.5846153846153846,0.1557148202842646,60.0
top120_lgb15_300,3.92,0.7287234042553191,0.7893956046423781,0.941830759786561,0.6051282051282051,0.12671082803179448,120.0
top120_lgb15_600,3.98,0.7277486910994765,0.7883458410135349,0.9384615384615386,0.6,0.1328123904556992,120.0
top120_lgb15_1000,4.05,0.7405405405405405,0.7861860464933101,0.937441563960901,0.6,0.14435199215061423,120.0
top120_lgb15_1500,4.15,0.7061855670103093,0.7840264559076326,0.9359753506162347,0.6,0.15810899574513884,120.0
aug_cat5_400,34.0,0.6634615384615384,0.7749077877285833,0.941259385182037,0.6307692307692307,0.1333549124515523,665.0
aug_cat5_800,34.05,0.7210526315789474,0.7783998333945168,0.9414152146196345,0.6051282051282051,0.13085189686753795,665.0
aug_cat5_1200,34.19,0.7210526315789474,0.7808995580195675,0.9404448222127781,0.6102564102564103,0.13094125057593803,665.0
aug_cat5_1600,34.24,0.696969696969697,0.7818958360742648,0.940222883316806,0.6307692307692307,0.13224345937520002,665.0
aug_cat6_400,53.93,0.7172774869109948,0.7832409294202055,0.9415545166926383,0.6051282051282051,0.13128302506309808,665.0
aug_cat6_800,53.98,0.7393617021276596,0.7838878518332217,0.9413797988383624,0.6,0.13008378176021287,665.0
aug_cat6_1200,54.02,0.7445652173913043,0.78529248669872,0.9406832884733436,0.6,0.131385572308845,665.0
aug_cat6_1600,54.07,0.7340425531914894,0.7849657398643053,0.9402158001605516,0.5948717948717949,0.13426163666009353,665.0
aug_xgb3_300,15.13,0.7098445595854922,0.7746845250796965,0.9405298200878313,0.5897435897435898,0.13163854723651935,665.0
aug_xgb3_600,15.18,0.7608695652173914,0.7858702313622851,0.9428955942768098,0.6102564102564103,0.12701511461146908,665.0
aug_xgb3_1000,15.23,0.7527472527472527,0.7828579543415465,0.9395523445247203,0.5948717948717949,0.12981910964056967,665.0
aug_xgb3_1400,15.29,0.7061855670103093,0.7798891808546552,0.9370850450960949,0.5794871794871795,0.13356825081643864,665.0
aug_xgb5_300,22.02,0.7486338797814208,0.7867183204877974,0.9419582565991407,0.5948717948717949,0.12863775262300353,665.0
aug_xgb5_600,22.08,0.7287234042553191,0.7840372692023669,0.9410728620673373,0.6102564102564103,0.13085684642069137,665.0
aug_xgb5_1000,22.14,0.7365591397849462,0.7796862398074711,0.9377437786277566,0.6102564102564103,0.13793427216920826,665.0
aug_xgb5_1400,22.2,0.7365591397849462,0.7784721023265854,0.9356778580535487,0.6102564102564103,0.1441457332838089,665.0
extra_trees,47.19,0.6782178217821783,0.7541429228419597,0.9218798696699249,0.5692307692307692,0.14321989370706956,680.0
